{
    "name": "root",
    "gauges": {
        "MyBehavior.Policy.Entropy.mean": {
            "value": 1.0254820585250854,
            "min": 1.0254820585250854,
            "max": 1.4031181335449219,
            "count": 13
        },
        "MyBehavior.Policy.Entropy.sum": {
            "value": 10234.310546875,
            "min": 10234.310546875,
            "max": 14452.1171875,
            "count": 13
        },
        "MyBehavior.Environment.EpisodeLength.mean": {
            "value": 6.1841726618705035,
            "min": 5.910911602209945,
            "max": 42.925438596491226,
            "count": 13
        },
        "MyBehavior.Environment.EpisodeLength.sum": {
            "value": 8596.0,
            "min": 8537.0,
            "max": 9787.0,
            "count": 13
        },
        "MyBehavior.Step.mean": {
            "value": 129995.0,
            "min": 9998.0,
            "max": 129995.0,
            "count": 13
        },
        "MyBehavior.Step.sum": {
            "value": 129995.0,
            "min": 9998.0,
            "max": 129995.0,
            "count": 13
        },
        "MyBehavior.Policy.ExtrinsicValueEstimate.mean": {
            "value": 0.9655975699424744,
            "min": 0.541730523109436,
            "max": 0.9687851071357727,
            "count": 13
        },
        "MyBehavior.Policy.ExtrinsicValueEstimate.sum": {
            "value": 1344.11181640625,
            "min": 156.0183868408203,
            "max": 1401.510986328125,
            "count": 13
        },
        "MyBehavior.Environment.CumulativeReward.mean": {
            "value": 0.99568655643422,
            "min": 0.7841409691629956,
            "max": 0.9986187845303868,
            "count": 13
        },
        "MyBehavior.Environment.CumulativeReward.sum": {
            "value": 1385.0,
            "min": 178.0,
            "max": 1446.0,
            "count": 13
        },
        "MyBehavior.Policy.ExtrinsicReward.mean": {
            "value": 0.99568655643422,
            "min": 0.7841409691629956,
            "max": 0.9986187845303868,
            "count": 13
        },
        "MyBehavior.Policy.ExtrinsicReward.sum": {
            "value": 1385.0,
            "min": 178.0,
            "max": 1446.0,
            "count": 13
        },
        "MyBehavior.Losses.PolicyLoss.mean": {
            "value": 0.23940614749300704,
            "min": 0.235188856041165,
            "max": 0.2520882608404176,
            "count": 13
        },
        "MyBehavior.Losses.PolicyLoss.sum": {
            "value": 22.50417786434266,
            "min": 16.399308431579673,
            "max": 23.63795449042943,
            "count": 13
        },
        "MyBehavior.Losses.ValueLoss.mean": {
            "value": 0.004661742969486765,
            "min": 0.00128811690010679,
            "max": 0.06983989474911419,
            "count": 13
        },
        "MyBehavior.Losses.ValueLoss.sum": {
            "value": 0.4382038391317559,
            "min": 0.12108298861003827,
            "max": 4.749112842939764,
            "count": 13
        },
        "MyBehavior.Policy.LearningRate.mean": {
            "value": 0.00022498099734676808,
            "min": 0.00022498099734676808,
            "max": 0.0002964590041215088,
            "count": 13
        },
        "MyBehavior.Policy.LearningRate.sum": {
            "value": 0.0211482137505962,
            "min": 0.020159212280262597,
            "max": 0.0265064506645166,
            "count": 13
        },
        "MyBehavior.Policy.Epsilon.mean": {
            "value": 0.17499365744680853,
            "min": 0.17499365744680853,
            "max": 0.1988196676470588,
            "count": 13
        },
        "MyBehavior.Policy.Epsilon.sum": {
            "value": 16.449403800000002,
            "min": 13.519737399999999,
            "max": 18.1423128,
            "count": 13
        },
        "MyBehavior.Policy.Beta.mean": {
            "value": 0.0005000000000000001,
            "min": 0.0005,
            "max": 0.0005000000000000001,
            "count": 13
        },
        "MyBehavior.Policy.Beta.sum": {
            "value": 0.047000000000000014,
            "min": 0.034,
            "max": 0.047000000000000014,
            "count": 13
        },
        "MyBehavior.IsTraining.mean": {
            "value": 1.0,
            "min": 1.0,
            "max": 1.0,
            "count": 13
        },
        "MyBehavior.IsTraining.sum": {
            "value": 1.0,
            "min": 1.0,
            "max": 1.0,
            "count": 13
        }
    },
    "metadata": {
        "timer_format_version": "0.1.0",
        "start_time_seconds": "1680749638",
        "python_version": "3.9.12 (tags/v3.9.12:b28265d, Mar 23 2022, 23:52:46) [MSC v.1929 64 bit (AMD64)]",
        "command_line_arguments": "C:\\Users\\jhkwa\\AppData\\Local\\Programs\\Python\\Python39\\Scripts\\mlagents-learn config/Mybehavior.yaml --force",
        "mlagents_version": "0.30.0",
        "mlagents_envs_version": "0.30.0",
        "communication_protocol_version": "1.5.0",
        "pytorch_version": "1.7.1+cu110",
        "numpy_version": "1.21.2",
        "end_time_seconds": "1680750136"
    },
    "total": 498.2936129,
    "count": 1,
    "self": 0.006485200000042823,
    "children": {
        "run_training.setup": {
            "total": 0.0713047,
            "count": 1,
            "self": 0.0713047
        },
        "TrainerController.start_learning": {
            "total": 498.215823,
            "count": 1,
            "self": 0.5818906000023958,
            "children": {
                "TrainerController._reset_env": {
                    "total": 16.5090505,
                    "count": 1,
                    "self": 16.5090505
                },
                "TrainerController.advance": {
                    "total": 481.0741791999976,
                    "count": 18062,
                    "self": 0.4550693999951818,
                    "children": {
                        "env_step": {
                            "total": 185.84532240000098,
                            "count": 18062,
                            "self": 177.8526859000024,
                            "children": {
                                "SubprocessEnvManager._take_step": {
                                    "total": 7.6845193000005345,
                                    "count": 18062,
                                    "self": 0.7604355999983028,
                                    "children": {
                                        "TorchPolicy.evaluate": {
                                            "total": 6.924083700002232,
                                            "count": 6994,
                                            "self": 6.924083700002232
                                        }
                                    }
                                },
                                "workers": {
                                    "total": 0.30811719999804055,
                                    "count": 18061,
                                    "self": 0.0,
                                    "children": {
                                        "worker_root": {
                                            "total": 417.7873724000043,
                                            "count": 18061,
                                            "is_parallel": true,
                                            "self": 328.1478322000051,
                                            "children": {
                                                "steps_from_proto": {
                                                    "total": 0.000411700000000792,
                                                    "count": 1,
                                                    "is_parallel": true,
                                                    "self": 0.00011499999999742272,